sar_hist_30_1_1_1_1_1.txt,0.75,0.75,2.278258800506592
sar_hist_30_1_1_1_1_11.txt,0.75,0.75,2.4238719940185547
sar_hist_30_1_1_1_1_21.txt,0.75,0.75,2.1866800785064697
sar_hist_30_1_1_1_11_1.txt,0.75,0.75,2.1133980751037598
sar_hist_30_1_1_1_11_11.txt,0.75,0.75,2.212651014328003
sar_hist_30_1_1_1_11_21.txt,0.75,0.75,2.5680768489837646
sar_hist_30_1_1_1_21_1.txt,0.75,0.75,2.1913821697235107
sar_hist_30_1_1_1_21_11.txt,0.75,0.75,2.269296169281006
sar_hist_30_1_1_1_21_21.txt,0.75,0.75,2.3284389972686768
sar_hist_30_1_1_11_1_1.txt,0.75,0.75,2.223978042602539
sar_hist_30_1_1_11_1_11.txt,0.75,0.75,2.0528130531311035
sar_hist_30_1_1_11_1_21.txt,0.75,0.75,2.182096242904663
sar_hist_30_1_1_11_11_1.txt,0.75,0.75,2.208805799484253
sar_hist_30_1_1_11_11_11.txt,0.75,0.75,2.208997964859009
sar_hist_30_1_1_11_11_21.txt,0.75,0.75,2.319855213165283
sar_hist_30_1_1_11_21_1.txt,0.75,0.75,2.2331767082214355
sar_hist_30_1_1_11_21_11.txt,0.75,0.75,2.2209079265594482
sar_hist_30_1_1_11_21_21.txt,0.75,0.75,2.318268060684204
sar_hist_30_1_1_21_1_1.txt,0.75,0.75,2.2213807106018066
sar_hist_30_1_1_21_1_11.txt,0.75,0.75,2.434377908706665
sar_hist_30_1_1_21_1_21.txt,0.75,0.75,2.4781339168548584
sar_hist_30_1_1_21_11_1.txt,0.75,0.75,2.293757915496826
sar_hist_30_1_1_21_11_11.txt,0.75,0.75,2.3898658752441406
sar_hist_30_1_1_21_11_21.txt,0.75,0.75,2.33895206451416
sar_hist_30_1_1_21_21_1.txt,0.75,0.75,2.26069712638855
sar_hist_30_1_1_21_21_11.txt,0.75,0.75,2.4180240631103516
sar_hist_30_1_1_21_21_21.txt,0.75,0.75,2.360502004623413
sar_hist_30_1_11_1_1_1.txt,0.75,0.75,2.141221761703491
sar_hist_30_1_11_1_1_11.txt,0.75,0.75,2.258268117904663
sar_hist_30_1_11_1_1_21.txt,0.75,0.75,2.5750231742858887
sar_hist_30_1_11_1_11_1.txt,0.75,0.75,2.493488311767578
sar_hist_30_1_11_1_11_11.txt,0.75,0.75,2.538433074951172
sar_hist_30_1_11_1_11_21.txt,0.75,0.75,2.3695743083953857
sar_hist_30_1_11_1_21_1.txt,0.75,0.75,2.2375519275665283
sar_hist_30_1_11_1_21_11.txt,0.75,0.75,2.2383391857147217
sar_hist_30_1_11_1_21_21.txt,0.75,0.75,2.5422918796539307
sar_hist_30_1_11_11_1_1.txt,0.75,0.75,2.0493052005767822
sar_hist_30_1_11_11_1_11.txt,0.75,0.75,2.4033288955688477
sar_hist_30_1_11_11_1_21.txt,0.75,0.75,2.207038164138794
sar_hist_30_1_11_11_11_1.txt,0.75,0.75,2.2374560832977295
sar_hist_30_1_11_11_11_11.txt,0.75,0.75,2.141859769821167
sar_hist_30_1_11_11_11_21.txt,0.75,0.75,2.3845081329345703
sar_hist_30_1_11_11_21_1.txt,0.75,0.75,2.1861398220062256
sar_hist_30_1_11_11_21_11.txt,0.75,0.75,2.391108989715576
sar_hist_30_1_11_11_21_21.txt,0.75,0.75,2.2865710258483887
sar_hist_30_1_11_21_1_1.txt,0.75,0.75,1.8829162120819092
sar_hist_30_1_11_21_1_11.txt,0.75,0.75,1.9360520839691162
sar_hist_30_1_11_21_1_21.txt,0.75,0.75,1.907485008239746
sar_hist_30_1_11_21_11_1.txt,0.75,0.75,1.9648938179016113
sar_hist_30_1_11_21_11_11.txt,0.75,0.75,2.007199287414551
sar_hist_30_1_11_21_11_21.txt,0.75,0.75,1.9170410633087158
sar_hist_30_1_11_21_21_1.txt,0.75,0.75,1.8603389263153076
sar_hist_30_1_11_21_21_11.txt,0.75,0.75,2.130373239517212
sar_hist_30_1_11_21_21_21.txt,0.75,0.75,1.7591369152069092
sar_hist_30_1_21_1_1_1.txt,0.75,0.75,2.3569657802581787
sar_hist_30_1_21_1_1_11.txt,0.75,0.75,2.2156858444213867
sar_hist_30_1_21_1_1_21.txt,0.75,0.75,2.0734970569610596
sar_hist_30_1_21_1_11_1.txt,0.75,0.75,2.169084310531616
sar_hist_30_1_21_1_11_11.txt,0.75,0.75,2.1585853099823
sar_hist_30_1_21_1_11_21.txt,0.75,0.75,2.274864912033081
sar_hist_30_1_21_1_21_1.txt,0.75,0.75,2.3290538787841797
sar_hist_30_1_21_1_21_11.txt,0.75,0.75,2.181915283203125
sar_hist_30_1_21_1_21_21.txt,0.75,0.75,2.2586610317230225
sar_hist_30_1_21_11_1_1.txt,0.75,0.75,2.04862904548645
sar_hist_30_1_21_11_1_11.txt,0.75,0.75,1.9782447814941406
sar_hist_30_1_21_11_1_21.txt,0.75,0.75,1.9104528427124023
sar_hist_30_1_21_11_11_1.txt,0.75,0.75,1.999030590057373
sar_hist_30_1_21_11_11_11.txt,0.75,0.75,1.8480210304260254
sar_hist_30_1_21_11_11_21.txt,0.75,0.75,1.8096070289611816
sar_hist_30_1_21_11_21_1.txt,0.75,0.75,1.9235479831695557
sar_hist_30_1_21_11_21_11.txt,0.75,0.75,1.7691211700439453
sar_hist_30_1_21_11_21_21.txt,0.75,0.75,1.9974188804626465
sar_hist_30_1_21_21_1_1.txt,0.75,0.75,1.8061439990997314
sar_hist_30_1_21_21_1_11.txt,0.75,0.75,1.8398630619049072
sar_hist_30_1_21_21_1_21.txt,0.75,0.75,1.89876127243042
sar_hist_30_1_21_21_11_1.txt,0.75,0.75,1.7744789123535156
sar_hist_30_1_21_21_11_11.txt,0.75,0.75,1.8502111434936523
sar_hist_30_1_21_21_11_21.txt,0.75,0.75,1.9004998207092285
sar_hist_30_1_21_21_21_1.txt,0.75,0.75,1.7129666805267334
sar_hist_30_1_21_21_21_11.txt,0.75,0.75,1.7917640209197998
sar_hist_30_1_21_21_21_21.txt,0.75,0.75,1.7626490592956543
sar_hist_30_11_1_1_1_1.txt,0.75,0.75,2.2364840507507324
sar_hist_30_11_1_1_1_11.txt,0.75,0.75,2.258233070373535
sar_hist_30_11_1_1_1_21.txt,0.75,0.75,2.3021628856658936
sar_hist_30_11_1_1_11_1.txt,0.75,0.75,2.0499887466430664
sar_hist_30_11_1_1_11_11.txt,0.75,0.75,2.2106759548187256
sar_hist_30_11_1_1_11_21.txt,0.75,0.75,2.295487880706787
sar_hist_30_11_1_1_21_1.txt,0.75,0.75,2.275691032409668
sar_hist_30_11_1_1_21_11.txt,0.75,0.75,2.335951805114746
sar_hist_30_11_1_1_21_21.txt,0.75,0.75,2.45005202293396
sar_hist_30_11_1_11_1_1.txt,0.75,0.75,2.048720121383667
sar_hist_30_11_1_11_1_11.txt,0.75,0.75,2.162325143814087
sar_hist_30_11_1_11_1_21.txt,0.75,0.75,2.4228100776672363
sar_hist_30_11_1_11_11_1.txt,0.75,0.75,2.0322060585021973
sar_hist_30_11_1_11_11_11.txt,0.75,0.75,2.2535288333892822
sar_hist_30_11_1_11_11_21.txt,0.75,0.75,2.6510660648345947
sar_hist_30_11_1_11_21_1.txt,0.75,0.75,2.195483684539795
sar_hist_30_11_1_11_21_11.txt,0.75,0.75,2.3635897636413574
sar_hist_30_11_1_11_21_21.txt,0.75,0.75,2.1298608779907227
sar_hist_30_11_1_21_1_1.txt,0.75,0.75,1.9105238914489746
sar_hist_30_11_1_21_1_11.txt,0.75,0.75,2.1098430156707764
sar_hist_30_11_1_21_1_21.txt,0.75,0.75,1.9313910007476807
sar_hist_30_11_1_21_11_1.txt,0.75,0.75,2.033129930496216
sar_hist_30_11_1_21_11_11.txt,0.75,0.75,2.035031795501709
sar_hist_30_11_1_21_11_21.txt,0.75,0.75,2.060979127883911
sar_hist_30_11_1_21_21_1.txt,0.75,0.75,1.7742691040039062
sar_hist_30_11_1_21_21_11.txt,0.75,0.75,1.8857810497283936
sar_hist_30_11_1_21_21_21.txt,0.75,0.75,1.8683371543884277
sar_hist_30_11_11_1_1_1.txt,0.75,0.75,2.039782762527466
sar_hist_30_11_11_1_1_11.txt,0.75,0.75,2.393662929534912
sar_hist_30_11_11_1_1_21.txt,0.75,0.75,2.1421971321105957
sar_hist_30_11_11_1_11_1.txt,0.75,0.75,2.1537868976593018
sar_hist_30_11_11_1_11_11.txt,0.75,0.75,2.238320827484131
sar_hist_30_11_11_1_11_21.txt,0.75,0.75,2.347323179244995
sar_hist_30_11_11_1_21_1.txt,0.75,0.75,2.092348098754883
sar_hist_30_11_11_1_21_11.txt,0.75,0.75,2.2244679927825928
sar_hist_30_11_11_1_21_21.txt,0.75,0.75,2.1161468029022217
sar_hist_30_11_11_11_1_1.txt,0.75,0.75,2.004162073135376
sar_hist_30_11_11_11_1_11.txt,0.75,0.75,1.8286089897155762
sar_hist_30_11_11_11_1_21.txt,0.75,0.75,1.9800407886505127
sar_hist_30_11_11_11_11_1.txt,0.75,0.75,2.0409669876098633
sar_hist_30_11_11_11_11_11.txt,0.75,0.75,1.90578293800354
sar_hist_30_11_11_11_11_21.txt,0.75,0.75,1.8662679195404053
sar_hist_30_11_11_11_21_1.txt,0.75,0.75,1.9876420497894287
sar_hist_30_11_11_11_21_11.txt,0.75,0.75,1.9492380619049072
sar_hist_30_11_11_11_21_21.txt,0.75,0.75,1.9613182544708252
sar_hist_30_11_11_21_1_1.txt,0.75,0.75,1.9925010204315186
sar_hist_30_11_11_21_1_11.txt,0.75,0.75,1.9368839263916016
sar_hist_30_11_11_21_1_21.txt,0.75,0.75,1.9854669570922852
sar_hist_30_11_11_21_11_1.txt,0.75,0.75,1.980618953704834
sar_hist_30_11_11_21_11_11.txt,0.75,0.75,2.0417160987854004
sar_hist_30_11_11_21_11_21.txt,0.75,0.75,2.0349419116973877
sar_hist_30_11_11_21_21_1.txt,0.75,0.75,2.0251450538635254
sar_hist_30_11_11_21_21_11.txt,0.75,0.75,1.8136370182037354
sar_hist_30_11_11_21_21_21.txt,0.75,0.75,1.9474291801452637
sar_hist_30_11_21_1_1_1.txt,0.75,0.75,1.927159070968628
sar_hist_30_11_21_1_1_11.txt,0.75,0.75,1.9944119453430176
sar_hist_30_11_21_1_1_21.txt,0.75,0.75,2.068665027618408
sar_hist_30_11_21_1_11_1.txt,0.75,0.75,2.007902145385742
sar_hist_30_11_21_1_11_11.txt,0.75,0.75,1.789153814315796
sar_hist_30_11_21_1_11_21.txt,0.75,0.75,2.100175142288208
sar_hist_30_11_21_1_21_1.txt,0.75,0.75,1.7950539588928223
sar_hist_30_11_21_1_21_11.txt,0.75,0.75,2.1387100219726562
sar_hist_30_11_21_1_21_21.txt,0.75,0.75,2.0164682865142822
sar_hist_30_11_21_11_1_1.txt,0.75,0.75,1.717360258102417
sar_hist_30_11_21_11_1_11.txt,0.75,0.75,1.6950130462646484
sar_hist_30_11_21_11_1_21.txt,0.75,0.75,1.616091251373291
sar_hist_30_11_21_11_11_1.txt,0.75,0.75,1.6565141677856445
sar_hist_30_11_21_11_11_11.txt,0.75,0.75,1.775008201599121
sar_hist_30_11_21_11_11_21.txt,0.75,0.75,1.5882148742675781
sar_hist_30_11_21_11_21_1.txt,0.75,0.75,1.6945030689239502
sar_hist_30_11_21_11_21_11.txt,0.75,0.75,1.614405870437622
sar_hist_30_11_21_11_21_21.txt,0.75,0.75,1.6194860935211182
sar_hist_30_11_21_21_1_1.txt,0.75,0.75,1.631593942642212
sar_hist_30_11_21_21_1_11.txt,0.75,0.75,1.6550190448760986
sar_hist_30_11_21_21_1_21.txt,0.75,0.75,1.5788111686706543
sar_hist_30_11_21_21_11_1.txt,0.75,0.75,1.6350789070129395
sar_hist_30_11_21_21_11_11.txt,0.75,0.75,1.6883361339569092
sar_hist_30_11_21_21_11_21.txt,0.75,0.75,1.6630902290344238
sar_hist_30_11_21_21_21_1.txt,0.75,0.75,1.5342330932617188
sar_hist_30_11_21_21_21_11.txt,0.75,0.75,1.6844019889831543
sar_hist_30_11_21_21_21_21.txt,0.75,0.75,1.5956001281738281
sar_hist_30_21_1_1_1_1.txt,0.75,0.75,2.1537957191467285
sar_hist_30_21_1_1_1_11.txt,0.75,0.75,2.302263021469116
sar_hist_30_21_1_1_1_21.txt,0.75,0.75,2.105855941772461
sar_hist_30_21_1_1_11_1.txt,0.75,0.75,2.115466833114624
sar_hist_30_21_1_1_11_11.txt,0.75,0.75,2.1729910373687744
sar_hist_30_21_1_1_11_21.txt,0.75,0.75,2.3346927165985107
sar_hist_30_21_1_1_21_1.txt,0.75,0.75,1.9575982093811035
sar_hist_30_21_1_1_21_11.txt,0.75,0.75,2.1059489250183105
sar_hist_30_21_1_1_21_21.txt,0.75,0.75,2.1073858737945557
sar_hist_30_21_1_11_1_1.txt,0.75,0.75,1.8896450996398926
sar_hist_30_21_1_11_1_11.txt,0.75,0.75,1.9444091320037842
sar_hist_30_21_1_11_1_21.txt,0.75,0.75,1.857306718826294
sar_hist_30_21_1_11_11_1.txt,0.75,0.75,1.855532169342041
sar_hist_30_21_1_11_11_11.txt,0.75,0.75,1.7959589958190918
sar_hist_30_21_1_11_11_21.txt,0.75,0.75,2.006685972213745
sar_hist_30_21_1_11_21_1.txt,0.75,0.75,1.9691441059112549
sar_hist_30_21_1_11_21_11.txt,0.75,0.75,2.1130950450897217
sar_hist_30_21_1_11_21_21.txt,0.75,0.75,2.101300001144409
sar_hist_30_21_1_21_1_1.txt,0.75,0.75,2.079559087753296
sar_hist_30_21_1_21_1_11.txt,0.75,0.75,1.78932523727417
sar_hist_30_21_1_21_1_21.txt,0.75,0.75,1.8743610382080078
sar_hist_30_21_1_21_11_1.txt,0.75,0.75,1.8278648853302002
sar_hist_30_21_1_21_11_11.txt,0.75,0.75,1.77252197265625
sar_hist_30_21_1_21_11_21.txt,0.75,0.75,1.8145461082458496
sar_hist_30_21_1_21_21_1.txt,0.75,0.75,1.7533729076385498
sar_hist_30_21_1_21_21_11.txt,0.75,0.75,1.7929837703704834
sar_hist_30_21_1_21_21_21.txt,0.75,0.75,1.8449490070343018
sar_hist_30_21_11_1_1_1.txt,0.75,0.75,2.0503530502319336
sar_hist_30_21_11_1_1_11.txt,0.75,0.75,2.0714197158813477
sar_hist_30_21_11_1_1_21.txt,0.75,0.75,2.0361428260803223
sar_hist_30_21_11_1_11_1.txt,0.75,0.75,2.179939031600952
sar_hist_30_21_11_1_11_11.txt,0.75,0.75,2.067203998565674
sar_hist_30_21_11_1_11_21.txt,0.75,0.75,1.8490931987762451
sar_hist_30_21_11_1_21_1.txt,0.75,0.75,2.0082969665527344
sar_hist_30_21_11_1_21_11.txt,0.75,0.75,1.7955379486083984
sar_hist_30_21_11_1_21_21.txt,0.75,0.75,2.016319990158081
sar_hist_30_21_11_11_1_1.txt,0.75,0.75,1.7351510524749756
sar_hist_30_21_11_11_1_11.txt,0.75,0.75,1.6830692291259766
sar_hist_40_1_1_1_1_1.txt,0.75,0.75,2.262101888656616
sar_hist_40_1_1_1_1_11.txt,0.75,0.75,2.3202669620513916
sar_hist_40_1_1_1_1_21.txt,0.75,0.75,2.437394857406616
sar_hist_40_1_1_1_11_1.txt,0.75,0.75,2.3609931468963623
sar_hist_40_1_1_1_11_11.txt,0.75,0.75,2.257405996322632
sar_hist_40_1_1_1_11_21.txt,0.75,0.75,2.2609550952911377
sar_hist_40_1_1_1_21_1.txt,0.75,0.75,2.280176877975464
sar_hist_40_1_1_1_21_11.txt,0.75,0.75,2.3111801147460938
sar_hist_40_1_1_1_21_21.txt,0.75,0.75,2.164870023727417
sar_hist_40_1_1_11_1_1.txt,0.75,0.75,2.254744052886963
sar_hist_40_1_1_11_1_11.txt,0.75,0.75,2.277074098587036
sar_hist_40_1_1_11_1_21.txt,0.75,0.75,2.3795039653778076
sar_hist_40_1_1_11_11_1.txt,0.75,0.75,2.1707961559295654
sar_hist_40_1_1_11_11_11.txt,0.75,0.75,2.1818249225616455
sar_hist_40_1_1_11_11_21.txt,0.75,0.75,2.2784390449523926
sar_hist_40_1_1_11_21_1.txt,0.75,0.75,2.2837319374084473
sar_hist_40_1_1_11_21_11.txt,0.75,0.75,2.28289794921875
sar_hist_40_1_1_11_21_21.txt,0.75,0.75,2.2696902751922607
sar_hist_40_1_1_21_1_1.txt,0.75,0.75,2.219147205352783
sar_hist_40_1_1_21_1_11.txt,0.75,0.75,2.199665069580078
sar_hist_40_1_1_21_1_21.txt,0.75,0.75,2.403125047683716
sar_hist_40_1_1_21_11_1.txt,0.75,0.75,2.2116620540618896
sar_hist_40_1_1_21_11_11.txt,0.75,0.75,2.28719425201416
sar_hist_40_1_1_21_11_21.txt,0.75,0.75,2.4833128452301025
sar_hist_40_1_1_21_21_1.txt,0.75,0.75,2.3219988346099854
sar_hist_40_1_1_21_21_11.txt,0.75,0.75,2.317509889602661
sar_hist_40_1_1_21_21_21.txt,0.75,0.75,2.375138759613037
sar_hist_40_1_11_1_1_1.txt,0.75,0.75,2.2058000564575195
sar_hist_40_1_11_1_1_11.txt,0.75,0.75,2.200489044189453
sar_hist_40_1_11_1_1_21.txt,0.75,0.75,2.1094510555267334
sar_hist_40_1_11_1_11_1.txt,0.75,0.75,2.2685439586639404
sar_hist_40_1_11_1_11_11.txt,0.75,0.75,2.2024779319763184
sar_hist_40_1_11_1_11_21.txt,0.75,0.75,2.315977096557617
sar_hist_40_1_11_1_21_1.txt,0.75,0.75,2.3759069442749023
sar_hist_40_1_11_1_21_11.txt,0.75,0.75,2.2582781314849854
sar_hist_40_1_11_1_21_21.txt,0.75,0.75,2.30672287940979
sar_hist_40_1_11_11_1_1.txt,0.75,0.75,2.290903091430664
sar_hist_40_1_11_11_1_11.txt,0.75,0.75,2.202711820602417
sar_hist_40_1_11_11_1_21.txt,0.75,0.75,2.4624271392822266
sar_hist_40_1_11_11_11_1.txt,0.75,0.75,2.2450737953186035
sar_hist_40_1_11_11_11_11.txt,0.75,0.75,2.2496278285980225
sar_hist_40_1_11_11_11_21.txt,0.75,0.75,2.3492391109466553
sar_hist_40_1_11_11_21_1.txt,0.75,0.75,2.278625726699829
sar_hist_40_1_11_11_21_11.txt,0.75,0.75,2.4789650440216064
sar_hist_40_1_11_11_21_21.txt,0.75,0.75,2.3599860668182373
sar_hist_40_1_11_21_1_1.txt,0.75,0.75,2.2198832035064697
sar_hist_40_1_11_21_1_11.txt,0.75,0.75,2.268174171447754
sar_hist_40_1_11_21_1_21.txt,0.75,0.75,2.3635828495025635
sar_hist_40_1_11_21_11_1.txt,0.75,0.75,2.4708290100097656
sar_hist_40_1_11_21_11_11.txt,0.75,0.75,2.547104835510254
sar_hist_40_1_11_21_11_21.txt,0.75,0.75,2.6165130138397217
sar_hist_40_1_11_21_21_1.txt,0.75,0.75,2.346992015838623
sar_hist_40_1_11_21_21_11.txt,0.75,0.75,2.532166004180908
sar_hist_40_1_11_21_21_21.txt,0.75,0.75,2.5444018840789795
sar_hist_40_1_21_1_1_1.txt,0.75,0.75,2.1049060821533203
sar_hist_40_1_21_1_1_11.txt,0.75,0.75,2.236119031906128
sar_hist_40_1_21_1_1_21.txt,0.75,0.75,2.5317318439483643
sar_hist_40_1_21_1_11_1.txt,0.75,0.75,2.2045300006866455
sar_hist_40_1_21_1_11_11.txt,0.75,0.75,2.186837911605835
sar_hist_40_1_21_1_11_21.txt,0.75,0.75,2.36708402633667
sar_hist_40_1_21_1_21_1.txt,0.75,0.75,2.34078311920166
sar_hist_40_1_21_1_21_11.txt,0.75,0.75,2.3730928897857666
sar_hist_40_1_21_1_21_21.txt,0.75,0.75,2.5726609230041504
sar_hist_40_1_21_11_1_1.txt,0.75,0.75,2.210641860961914
sar_hist_40_1_21_11_1_11.txt,0.75,0.75,2.329054832458496
sar_hist_40_1_21_11_1_21.txt,0.75,0.75,2.5464158058166504
sar_hist_40_1_21_11_11_1.txt,0.75,0.75,2.4971771240234375
sar_hist_40_1_21_11_11_11.txt,0.75,0.75,2.570237159729004
sar_hist_40_1_21_11_11_21.txt,0.75,0.75,2.4749648571014404
sar_hist_40_1_21_11_21_1.txt,0.75,0.75,2.347904920578003
sar_hist_40_1_21_11_21_11.txt,0.75,0.75,2.5887207984924316
sar_hist_40_1_21_11_21_21.txt,0.75,0.75,2.664414167404175
sar_hist_40_1_21_21_1_1.txt,0.75,0.75,2.1770219802856445
sar_hist_40_1_21_21_1_11.txt,0.75,0.75,2.465043306350708
sar_hist_40_1_21_21_1_21.txt,0.75,0.75,2.3350539207458496
sar_hist_40_1_21_21_11_1.txt,0.75,0.75,2.207685708999634
sar_hist_40_1_21_21_11_11.txt,0.75,0.75,2.362567901611328
sar_hist_40_1_21_21_11_21.txt,0.75,0.75,2.1270253658294678
sar_hist_40_1_21_21_21_1.txt,0.75,0.75,2.256819248199463
sar_hist_40_1_21_21_21_11.txt,0.75,0.75,2.1762380599975586
sar_hist_40_1_21_21_21_21.txt,0.75,0.75,2.003420114517212
sar_hist_40_11_1_1_1_1.txt,0.75,0.75,2.2531399726867676
sar_hist_40_11_1_1_1_11.txt,0.75,0.75,2.14090895652771
sar_hist_40_11_1_1_1_21.txt,0.75,0.75,2.155747175216675
sar_hist_40_11_1_1_11_1.txt,0.75,0.75,2.2256789207458496
sar_hist_40_11_1_1_11_11.txt,0.75,0.75,2.2119338512420654
sar_hist_40_11_1_1_11_21.txt,0.75,0.75,2.3778719902038574
sar_hist_40_11_1_1_21_1.txt,0.75,0.75,2.2030608654022217
sar_hist_40_11_1_1_21_11.txt,0.75,0.75,2.2870538234710693
sar_hist_40_11_1_1_21_21.txt,0.75,0.75,2.4967973232269287
sar_hist_40_11_1_11_1_1.txt,0.75,0.75,2.0765769481658936
sar_hist_40_11_1_11_1_11.txt,0.75,0.75,2.241325855255127
sar_hist_40_11_1_11_1_21.txt,0.75,0.75,2.3432812690734863
sar_hist_40_11_1_11_11_1.txt,0.75,0.75,2.2236249446868896
sar_hist_40_11_1_11_11_11.txt,0.75,0.75,2.3845322132110596
sar_hist_40_11_1_11_11_21.txt,0.75,0.75,2.6995198726654053
sar_hist_40_11_1_11_21_1.txt,0.75,0.75,2.42012095451355
sar_hist_40_11_1_11_21_11.txt,0.75,0.75,2.6304168701171875
sar_hist_40_11_1_11_21_21.txt,0.75,0.75,2.517477035522461
sar_hist_40_11_1_21_1_1.txt,0.75,0.75,2.231498956680298
sar_hist_40_11_1_21_1_11.txt,0.75,0.75,2.447935104370117
sar_hist_40_11_1_21_1_21.txt,0.75,0.75,2.3655710220336914
sar_hist_40_11_1_21_11_1.txt,0.75,0.75,2.301110029220581
sar_hist_40_11_1_21_11_11.txt,0.75,0.75,2.4657599925994873
sar_hist_40_11_1_21_11_21.txt,0.75,0.75,2.5850839614868164
sar_hist_40_11_1_21_21_1.txt,0.75,0.75,2.37717866897583
sar_hist_40_11_1_21_21_11.txt,0.75,0.75,2.862759828567505
sar_hist_40_11_1_21_21_21.txt,0.75,0.75,2.6856460571289062
sar_hist_40_11_11_1_1_1.txt,0.75,0.75,2.3048269748687744
sar_hist_40_11_11_1_1_11.txt,0.75,0.75,2.2389087677001953
sar_hist_40_11_11_1_1_21.txt,0.75,0.75,2.372105836868286
sar_hist_40_11_11_1_11_1.txt,0.75,0.75,2.335069179534912
sar_hist_40_11_11_1_11_11.txt,0.75,0.75,2.3949549198150635
sar_hist_40_11_11_1_11_21.txt,0.75,0.75,2.396148920059204
sar_hist_40_11_11_1_21_1.txt,0.75,0.75,2.332124948501587
sar_hist_40_11_11_1_21_11.txt,0.75,0.75,2.5434648990631104
sar_hist_40_11_11_1_21_21.txt,0.75,0.75,2.5125699043273926
sar_hist_40_11_11_11_1_1.txt,0.75,0.75,2.305577039718628
sar_hist_40_11_11_11_1_11.txt,0.75,0.75,2.4470338821411133
sar_hist_40_11_11_11_1_21.txt,0.75,0.75,2.2395920753479004
sar_hist_40_11_11_11_11_1.txt,0.75,0.75,2.2589468955993652
sar_hist_40_11_11_11_11_11.txt,0.75,0.75,2.5318472385406494
sar_hist_40_11_11_11_11_21.txt,0.75,0.75,2.544110059738159
sar_hist_40_11_11_11_21_1.txt,0.75,0.75,2.462716817855835
sar_hist_40_11_11_11_21_11.txt,0.75,0.75,2.5209648609161377
sar_hist_40_11_11_11_21_21.txt,0.75,0.75,2.392653226852417
sar_hist_40_11_11_21_1_1.txt,0.75,0.75,1.9822273254394531
sar_hist_40_11_11_21_1_11.txt,0.75,0.75,2.151315212249756
sar_hist_40_11_11_21_1_21.txt,0.75,0.75,1.9497380256652832
sar_hist_40_11_11_21_11_1.txt,0.75,0.75,2.2007317543029785
sar_hist_40_11_11_21_11_11.txt,0.75,0.75,2.3416881561279297
sar_hist_40_11_11_21_11_21.txt,0.75,0.75,2.2121191024780273
sar_hist_40_11_11_21_21_1.txt,0.75,0.75,1.9979438781738281
sar_hist_40_11_11_21_21_11.txt,0.75,0.75,1.8791277408599854
sar_hist_40_11_11_21_21_21.txt,0.75,0.75,1.849661111831665
sar_hist_40_11_21_1_1_1.txt,0.75,0.75,2.288173198699951
sar_hist_40_11_21_1_1_11.txt,0.75,0.75,2.2926290035247803
sar_hist_40_11_21_1_1_21.txt,0.75,0.75,2.416147232055664
sar_hist_40_11_21_1_11_1.txt,0.75,0.75,2.2480289936065674
sar_hist_40_11_21_1_11_11.txt,0.75,0.75,2.4100050926208496
sar_hist_40_11_21_1_11_21.txt,0.75,0.75,2.1588919162750244
sar_hist_40_11_21_1_21_1.txt,0.75,0.75,2.4334797859191895
sar_hist_40_11_21_1_21_11.txt,0.75,0.75,2.218579053878784
sar_hist_40_11_21_1_21_21.txt,0.75,0.75,2.216362953186035
sar_hist_40_11_21_11_1_1.txt,0.75,0.75,2.04610013961792
sar_hist_40_11_21_11_1_11.txt,0.75,0.75,2.1180200576782227
sar_hist_40_11_21_11_1_21.txt,0.75,0.75,2.02616810798645
sar_hist_40_11_21_11_11_1.txt,0.75,0.75,2.0645272731781006
sar_hist_40_11_21_11_11_11.txt,0.75,0.75,2.1048359870910645
sar_hist_40_11_21_11_11_21.txt,0.75,0.75,2.0806500911712646
sar_hist_40_11_21_11_21_1.txt,0.75,0.75,1.9908969402313232
sar_hist_40_11_21_11_21_11.txt,0.75,0.75,1.9990830421447754
sar_hist_40_11_21_11_21_21.txt,0.75,0.75,2.066282033920288
sar_hist_40_11_21_21_1_1.txt,0.75,0.75,2.0471370220184326
sar_hist_40_11_21_21_1_11.txt,0.75,0.75,1.9783480167388916
sar_hist_40_11_21_21_1_21.txt,0.75,0.75,2.0181398391723633
sar_hist_40_11_21_21_11_1.txt,0.75,0.75,1.9748101234436035
sar_hist_40_11_21_21_11_11.txt,0.75,0.75,2.0544369220733643
sar_hist_40_11_21_21_11_21.txt,0.75,0.75,2.0011179447174072
sar_hist_40_11_21_21_21_1.txt,0.75,0.75,1.9461669921875
sar_hist_40_11_21_21_21_11.txt,0.75,0.75,2.052340030670166
sar_hist_40_11_21_21_21_21.txt,0.75,0.75,1.9349489212036133
sar_hist_40_21_1_1_1_1.txt,0.75,0.75,2.272639036178589
sar_hist_40_21_1_1_1_11.txt,0.75,0.75,2.24890398979187
sar_hist_40_21_1_1_1_21.txt,0.75,0.75,2.5373430252075195
sar_hist_40_21_1_1_11_1.txt,0.75,0.75,2.172250986099243
sar_hist_40_21_1_1_11_11.txt,0.75,0.75,2.311521053314209
sar_hist_40_21_1_1_11_21.txt,0.75,0.75,2.310271978378296
sar_hist_40_21_1_1_21_1.txt,0.75,0.75,2.3024590015411377
sar_hist_40_21_1_1_21_11.txt,0.75,0.75,2.279757022857666
sar_hist_40_21_1_1_21_21.txt,0.75,0.75,2.5895230770111084
sar_hist_40_21_1_11_1_1.txt,0.75,0.75,2.188426971435547
sar_hist_40_21_1_11_1_11.txt,0.75,0.75,2.399852991104126
sar_hist_40_21_1_11_1_21.txt,0.75,0.75,2.3711941242218018
sar_hist_40_21_1_11_11_1.txt,0.75,0.75,2.4022650718688965
sar_hist_40_21_1_11_11_11.txt,0.75,0.75,2.7062721252441406
sar_hist_40_21_1_11_11_21.txt,0.75,0.75,2.5128328800201416
sar_hist_40_21_1_11_21_1.txt,0.75,0.75,2.43652606010437
sar_hist_40_21_1_11_21_11.txt,0.75,0.75,2.60048508644104
sar_hist_40_21_1_11_21_21.txt,0.75,0.75,2.4696178436279297
sar_hist_40_21_1_21_1_1.txt,0.75,0.75,2.346379041671753
sar_hist_40_21_1_21_1_11.txt,0.75,0.75,2.390422821044922
sar_hist_40_21_1_21_1_21.txt,0.75,0.75,2.2488088607788086
sar_hist_40_21_1_21_11_1.txt,0.75,0.75,2.4164938926696777
sar_hist_40_21_1_21_11_11.txt,0.75,0.75,2.204031229019165
sar_hist_40_21_1_21_11_21.txt,0.75,0.75,2.4616031646728516
sar_hist_40_21_1_21_21_1.txt,0.75,0.75,2.2340149879455566
sar_hist_40_21_1_21_21_11.txt,0.75,0.75,2.324728012084961
sar_hist_40_21_1_21_21_21.txt,0.75,0.75,2.276686906814575
sar_hist_40_21_11_1_1_1.txt,0.75,0.75,2.4168150424957275
sar_hist_40_21_11_1_1_11.txt,0.75,0.75,2.2549357414245605
sar_hist_40_21_11_1_1_21.txt,0.75,0.75,2.5078940391540527
sar_hist_40_21_11_1_11_1.txt,0.75,0.75,2.5633111000061035
sar_hist_40_21_11_1_11_11.txt,0.75,0.75,2.2154219150543213
sar_hist_40_21_11_1_11_21.txt,0.75,0.75,2.3938779830932617
sar_hist_40_21_11_1_21_1.txt,0.75,0.75,2.279744863510132
sar_hist_40_21_11_1_21_11.txt,0.75,0.75,2.539479970932007
sar_hist_40_21_11_1_21_21.txt,0.75,0.75,2.2035789489746094
sar_hist_40_21_11_11_1_1.txt,0.75,0.75,2.000089168548584
sar_hist_40_21_11_11_1_11.txt,0.75,0.75,2.0669538974761963
sar_hist_40_21_11_11_1_21.txt,0.75,0.75,2.0058627128601074
sar_hist_40_21_11_11_11_1.txt,0.75,0.75,2.0192160606384277
sar_hist_40_21_11_11_11_11.txt,0.75,0.75,1.9805102348327637
sar_hist_40_21_11_11_11_21.txt,0.75,0.75,1.976999044418335
sar_hist_40_21_11_11_21_1.txt,0.75,0.75,1.9794790744781494
sar_hist_40_21_11_11_21_11.txt,0.75,0.75,2.136734962463379
sar_hist_40_21_11_11_21_21.txt,0.75,0.75,1.987272024154663
sar_hist_40_21_11_21_1_1.txt,0.75,0.75,2.0394630432128906
sar_hist_40_21_11_21_1_11.txt,0.75,0.75,1.9584589004516602
sar_hist_40_21_11_21_1_21.txt,0.75,0.75,2.035764217376709
sar_hist_40_21_11_21_11_1.txt,0.75,0.75,2.055316925048828
sar_hist_40_21_11_21_11_11.txt,0.75,0.75,1.9738831520080566
sar_hist_40_21_11_21_11_21.txt,0.75,0.75,2.007216215133667
sar_hist_40_21_11_21_21_1.txt,0.75,0.75,1.9809648990631104
sar_hist_40_21_11_21_21_11.txt,0.75,0.75,1.9653849601745605
sar_hist_40_21_11_21_21_21.txt,0.75,0.75,2.027414083480835
sar_hist_40_21_21_1_1_1.txt,0.75,0.75,2.160278081893921
sar_hist_40_21_21_1_1_11.txt,0.75,0.75,2.0327060222625732
sar_hist_40_21_21_1_1_21.txt,0.75,0.75,2.1206130981445312
sar_hist_40_21_21_1_11_1.txt,0.75,0.75,2.0618202686309814
sar_hist_40_21_21_1_11_11.txt,0.75,0.75,2.0928380489349365
sar_hist_40_21_21_1_11_21.txt,0.75,0.75,2.2236716747283936
sar_hist_40_21_21_1_21_1.txt,0.75,0.75,2.202286958694458
sar_hist_40_21_21_1_21_11.txt,0.75,0.75,2.077223062515259
sar_hist_40_21_21_1_21_21.txt,0.75,0.75,2.217966079711914
sar_hist_40_21_21_11_1_1.txt,0.75,0.75,1.814073085784912
sar_hist_40_21_21_11_1_11.txt,0.75,0.75,1.8291170597076416
sar_hist_40_21_21_11_1_21.txt,0.75,0.75,1.8033947944641113
sar_hist_40_21_21_11_11_1.txt,0.75,0.75,1.773615837097168
sar_hist_40_21_21_11_11_11.txt,0.75,0.75,1.8191320896148682
sar_hist_40_21_21_11_11_21.txt,0.75,0.75,1.8024508953094482
sar_hist_40_21_21_11_21_1.txt,0.75,0.75,1.879533052444458
sar_hist_40_21_21_11_21_11.txt,0.75,0.75,1.8821220397949219
sar_hist_40_21_21_11_21_21.txt,0.75,0.75,1.82566499710083
sar_hist_40_21_21_21_1_1.txt,0.75,0.75,1.8566138744354248
sar_hist_40_21_21_21_1_11.txt,0.75,0.75,1.8438901901245117
sar_hist_40_21_21_21_1_21.txt,0.75,0.75,1.952908992767334
sar_hist_40_21_21_21_11_1.txt,0.75,0.75,1.801487922668457
sar_hist_40_21_21_21_11_11.txt,0.75,0.75,1.8813481330871582
sar_hist_40_21_21_21_11_21.txt,0.75,0.75,1.896934986114502
sar_hist_40_21_21_21_21_1.txt,0.75,0.75,1.8964548110961914
sar_hist_40_21_21_21_21_11.txt,0.75,0.75,1.8323261737823486
sar_hist_50_1_1_1_1_1.txt,0.75,0.75,2.248661994934082
sar_hist_50_1_1_1_1_11.txt,0.75,0.75,2.218831777572632
sar_hist_50_1_1_1_1_21.txt,0.75,0.75,2.227630138397217
sar_hist_50_1_1_1_11_1.txt,0.75,0.75,2.337830066680908
sar_hist_50_1_1_1_11_11.txt,0.75,0.75,2.146005153656006
sar_hist_50_1_1_1_11_21.txt,0.75,0.75,2.2916133403778076
sar_hist_50_1_1_1_21_1.txt,0.75,0.75,2.1800503730773926
sar_hist_50_1_1_1_21_11.txt,0.75,0.75,2.1864778995513916
sar_hist_50_1_1_1_21_21.txt,0.75,0.75,2.3803329467773438
sar_hist_50_1_1_11_1_1.txt,0.75,0.75,2.160081148147583
sar_hist_50_1_1_11_1_11.txt,0.75,0.75,2.1633589267730713
sar_hist_50_1_1_11_1_21.txt,0.75,0.75,2.2454111576080322
sar_hist_50_1_1_11_11_1.txt,0.75,0.75,2.3235697746276855
sar_hist_50_1_1_11_11_11.txt,0.75,0.75,2.1523241996765137
sar_hist_50_1_1_11_11_21.txt,0.75,0.75,2.2224619388580322
sar_hist_50_1_1_11_21_1.txt,0.75,0.75,2.1822450160980225
sar_hist_50_1_1_11_21_11.txt,0.75,0.75,2.285262107849121
sar_hist_50_1_1_11_21_21.txt,0.75,0.75,2.2422893047332764
sar_hist_50_1_1_21_1_1.txt,0.75,0.75,2.268476963043213
sar_hist_50_1_1_21_1_11.txt,0.75,0.75,2.282582998275757
sar_hist_50_1_1_21_1_21.txt,0.75,0.75,2.160043954849243
sar_hist_50_1_1_21_11_1.txt,0.75,0.75,2.3166258335113525
sar_hist_50_1_1_21_11_11.txt,0.75,0.75,2.238462209701538
sar_hist_50_1_1_21_11_21.txt,0.75,0.75,2.2851428985595703
sar_hist_50_1_1_21_21_1.txt,0.75,0.75,2.253278970718384
sar_hist_50_1_1_21_21_11.txt,0.75,0.75,2.1774611473083496
sar_hist_50_1_1_21_21_21.txt,0.75,0.75,2.1874239444732666
sar_hist_50_1_11_1_1_1.txt,0.75,0.75,2.35221004486084
sar_hist_50_1_11_1_1_11.txt,0.75,0.75,2.186305046081543
sar_hist_50_1_11_1_1_21.txt,0.75,0.75,2.2944300174713135
sar_hist_50_1_11_1_11_1.txt,0.75,0.75,2.28446102142334
sar_hist_50_1_11_1_11_11.txt,0.75,0.75,2.213221311569214
sar_hist_50_1_11_1_11_21.txt,0.75,0.75,2.20768404006958
sar_hist_50_1_11_1_21_1.txt,0.75,0.75,2.2939109802246094
sar_hist_50_1_11_1_21_11.txt,0.75,0.75,2.197971820831299
sar_hist_50_1_11_1_21_21.txt,0.75,0.75,2.4117729663848877
sar_hist_50_1_11_11_1_1.txt,0.75,0.75,2.1561760902404785
sar_hist_50_1_11_11_1_11.txt,0.75,0.75,2.236013174057007
sar_hist_50_1_11_11_1_21.txt,0.75,0.75,2.251347780227661
sar_hist_50_1_11_11_11_1.txt,0.75,0.75,2.288655996322632
sar_hist_50_1_11_11_11_11.txt,0.75,0.75,2.2463362216949463
sar_hist_50_1_11_11_11_21.txt,0.75,0.75,2.4246370792388916
sar_hist_50_1_11_11_21_1.txt,0.75,0.75,2.216209888458252
sar_hist_50_1_11_11_21_11.txt,0.75,0.75,2.295707941055298
sar_hist_50_1_11_11_21_21.txt,0.75,0.75,2.220048189163208
sar_hist_50_1_11_21_1_1.txt,0.75,0.75,2.178701639175415
sar_hist_50_1_11_21_1_11.txt,0.75,0.75,2.3532557487487793
sar_hist_50_1_11_21_1_21.txt,0.75,0.75,2.381525993347168
sar_hist_50_1_11_21_11_1.txt,0.75,0.75,2.4298667907714844
sar_hist_50_1_11_21_11_11.txt,0.75,0.75,2.478084087371826
sar_hist_50_1_11_21_11_21.txt,0.75,0.75,2.3473429679870605
sar_hist_50_1_11_21_21_1.txt,0.75,0.75,2.2920749187469482
sar_hist_50_1_11_21_21_11.txt,0.75,0.75,2.511002779006958
sar_hist_50_1_11_21_21_21.txt,0.75,0.75,2.7071280479431152
sar_hist_50_1_21_1_1_1.txt,0.75,0.75,2.2161338329315186
sar_hist_50_1_21_1_1_11.txt,0.75,0.75,2.367441177368164
sar_hist_50_1_21_1_1_21.txt,0.75,0.75,2.1774308681488037
sar_hist_50_1_21_1_11_1.txt,0.75,0.75,2.2570760250091553
sar_hist_50_1_21_1_11_11.txt,0.75,0.75,2.2336769104003906
sar_hist_50_1_21_1_11_21.txt,0.75,0.75,2.377835988998413
sar_hist_50_1_21_1_21_1.txt,0.75,0.75,2.238538980484009
sar_hist_50_1_21_1_21_11.txt,0.75,0.75,2.19543194770813
sar_hist_50_1_21_1_21_21.txt,0.75,0.75,2.257913827896118
sar_hist_50_1_21_11_1_1.txt,0.75,0.75,2.156561851501465
sar_hist_50_1_21_11_1_11.txt,0.75,0.75,2.173275947570801
sar_hist_50_1_21_11_1_21.txt,0.75,0.75,2.3026089668273926
sar_hist_50_1_21_11_11_1.txt,0.75,0.75,2.2504169940948486
sar_hist_50_1_21_11_11_11.txt,0.75,0.75,2.239177942276001
sar_hist_50_1_21_11_11_21.txt,0.75,0.75,2.61417293548584
sar_hist_50_1_21_11_21_1.txt,0.75,0.75,2.193186044692993
sar_hist_50_1_21_11_21_11.txt,0.75,0.75,2.266885995864868
sar_hist_50_1_21_11_21_21.txt,0.75,0.75,2.577977180480957
sar_hist_50_1_21_21_1_1.txt,0.75,0.75,2.2362990379333496
sar_hist_50_1_21_21_1_11.txt,0.75,0.75,2.418278217315674
sar_hist_50_1_21_21_1_21.txt,0.75,0.75,2.4455742835998535
sar_hist_50_1_21_21_11_1.txt,0.75,0.75,2.3876616954803467
sar_hist_50_1_21_21_11_11.txt,0.75,0.75,2.5448479652404785
sar_hist_50_1_21_21_11_21.txt,0.75,0.75,2.5363988876342773
sar_hist_50_1_21_21_21_1.txt,0.75,0.75,2.584643840789795
sar_hist_50_1_21_21_21_11.txt,0.75,0.75,2.365239143371582
sar_hist_50_1_21_21_21_21.txt,0.75,0.75,2.520580768585205
sar_hist_50_11_1_1_1_1.txt,0.75,0.75,2.128857135772705
sar_hist_50_11_1_1_1_11.txt,0.75,0.75,2.2202107906341553
sar_hist_50_11_1_1_1_21.txt,0.75,0.75,2.253643035888672
sar_hist_50_11_1_1_11_1.txt,0.75,0.75,2.1954290866851807
sar_hist_50_11_1_1_11_11.txt,0.75,0.75,2.1691126823425293
sar_hist_50_11_1_1_11_21.txt,0.75,0.75,2.38966703414917
sar_hist_50_11_1_1_21_1.txt,0.75,0.75,2.179723024368286
sar_hist_50_11_1_1_21_11.txt,0.75,0.75,2.2152440547943115
sar_hist_50_11_1_1_21_21.txt,0.75,0.75,2.492741107940674
sar_hist_50_11_1_11_1_1.txt,0.75,0.75,2.150326728820801
sar_hist_50_11_1_11_1_11.txt,0.75,0.75,2.3017752170562744
sar_hist_50_11_1_11_1_21.txt,0.75,0.75,2.2262210845947266
sar_hist_50_11_1_11_11_1.txt,0.75,0.75,2.261826992034912
sar_hist_50_11_1_11_11_11.txt,0.75,0.75,2.2301840782165527
sar_hist_50_11_1_11_11_21.txt,0.75,0.75,2.1846489906311035
sar_hist_50_11_1_11_21_1.txt,0.75,0.75,2.3993141651153564
sar_hist_50_11_1_11_21_11.txt,0.75,0.75,2.283553123474121
sar_hist_50_11_1_11_21_21.txt,0.75,0.75,2.3234968185424805
sar_hist_50_11_1_21_1_1.txt,0.75,0.75,2.2306790351867676
sar_hist_50_11_1_21_1_11.txt,0.75,0.75,2.1560659408569336
sar_hist_50_11_1_21_1_21.txt,0.75,0.75,2.3770229816436768
sar_hist_50_11_1_21_11_1.txt,0.75,0.75,2.2027390003204346
sar_hist_50_11_1_21_11_11.txt,0.75,0.75,2.316059112548828
sar_hist_50_11_1_21_11_21.txt,0.75,0.75,2.316804885864258
sar_hist_50_11_1_21_21_1.txt,0.75,0.75,2.4603257179260254
sar_hist_50_11_1_21_21_11.txt,0.75,0.75,2.6412789821624756
sar_hist_50_11_1_21_21_21.txt,0.75,0.75,2.4834518432617188
sar_hist_50_11_11_1_1_1.txt,0.75,0.75,2.168148994445801
sar_hist_50_11_11_1_1_11.txt,0.75,0.75,2.262921094894409
sar_hist_50_11_11_1_1_21.txt,0.75,0.75,2.292383909225464
sar_hist_50_11_11_1_11_1.txt,0.75,0.75,2.2264039516448975
sar_hist_50_11_11_1_11_11.txt,0.75,0.75,2.2409422397613525
sar_hist_50_11_11_1_11_21.txt,0.75,0.75,2.287029981613159
sar_hist_50_11_11_1_21_1.txt,0.75,0.75,2.2370800971984863
sar_hist_50_11_11_1_21_11.txt,0.75,0.75,2.3862907886505127
sar_hist_50_11_11_1_21_21.txt,0.75,0.75,2.4379827976226807
sar_hist_50_11_11_11_1_1.txt,0.75,0.75,2.1809041500091553
sar_hist_50_11_11_11_1_11.txt,0.75,0.75,2.311858892440796
sar_hist_50_11_11_11_1_21.txt,0.75,0.75,2.389619827270508
sar_hist_50_11_11_11_11_1.txt,0.75,0.75,2.1842098236083984
sar_hist_50_11_11_11_11_11.txt,0.75,0.75,2.223483085632324
sar_hist_50_11_11_11_11_21.txt,0.75,0.75,2.519524097442627
sar_hist_50_11_11_11_21_1.txt,0.75,0.75,2.4089789390563965
sar_hist_50_11_11_11_21_11.txt,0.75,0.75,2.379254102706909
sar_hist_50_11_11_11_21_21.txt,0.75,0.75,2.4937632083892822
sar_hist_50_11_11_21_1_1.txt,0.75,0.75,2.408007860183716
sar_hist_50_11_11_21_1_11.txt,0.75,0.75,2.4952900409698486
sar_hist_50_11_11_21_1_21.txt,0.75,0.75,2.5602428913116455
sar_hist_50_11_11_21_11_1.txt,0.75,0.75,2.452767848968506
sar_hist_50_11_11_21_11_11.txt,0.75,0.75,2.6185381412506104
sar_hist_50_11_11_21_11_21.txt,0.75,0.75,2.801118850708008
sar_hist_50_11_11_21_21_1.txt,0.75,0.75,2.6116831302642822
sar_hist_50_11_11_21_21_11.txt,0.75,0.75,2.581907033920288
sar_hist_50_11_11_21_21_21.txt,0.75,0.75,2.5690088272094727
sar_hist_50_11_21_1_1_1.txt,0.75,0.75,2.31478214263916
sar_hist_50_11_21_1_1_11.txt,0.75,0.75,2.263490915298462
sar_hist_50_11_21_1_1_21.txt,0.75,0.75,2.3148040771484375
sar_hist_50_11_21_1_11_1.txt,0.75,0.75,2.307914972305298
sar_hist_50_11_21_1_11_11.txt,0.75,0.75,2.382783889770508
sar_hist_50_11_21_1_11_21.txt,0.75,0.75,2.4870331287384033
sar_hist_50_11_21_1_21_1.txt,0.75,0.75,2.3368821144104004
sar_hist_50_11_21_1_21_11.txt,0.75,0.75,2.5333199501037598
sar_hist_50_11_21_1_21_21.txt,0.75,0.75,2.79325270652771
sar_hist_50_11_21_11_1_1.txt,0.75,0.75,2.23028564453125
sar_hist_50_11_21_11_1_11.txt,0.75,0.75,2.346806049346924
sar_hist_50_11_21_11_1_21.txt,0.75,0.75,2.6335227489471436
sar_hist_50_11_21_11_11_1.txt,0.75,0.75,2.3339760303497314
sar_hist_50_11_21_11_11_11.txt,0.75,0.75,2.798318862915039
sar_hist_50_11_21_11_11_21.txt,0.75,0.75,2.4778990745544434
sar_hist_50_11_21_11_21_1.txt,0.75,0.75,2.3744029998779297
sar_hist_50_11_21_11_21_11.txt,0.75,0.75,2.73228120803833
sar_hist_50_11_21_11_21_21.txt,0.75,0.75,2.6001827716827393
sar_hist_50_11_21_21_1_1.txt,0.75,0.75,2.2633941173553467
sar_hist_50_11_21_21_1_11.txt,0.75,0.75,2.0926599502563477
sar_hist_50_11_21_21_1_21.txt,0.75,0.75,2.114962100982666
sar_hist_50_11_21_21_11_1.txt,0.75,0.75,2.1485278606414795
sar_hist_50_11_21_21_11_11.txt,0.75,0.75,2.3280630111694336
sar_hist_50_11_21_21_11_21.txt,0.75,0.75,2.4211320877075195
sar_hist_50_11_21_21_21_1.txt,0.75,0.75,1.9890286922454834
sar_hist_50_11_21_21_21_11.txt,0.75,0.75,2.330587863922119
sar_hist_50_11_21_21_21_21.txt,0.75,0.75,2.2416818141937256
sar_hist_50_21_1_1_1_1.txt,0.75,0.75,2.212641954421997
sar_hist_50_21_1_1_1_11.txt,0.75,0.75,2.1677279472351074
sar_hist_50_21_1_1_1_21.txt,0.75,0.75,2.130927085876465
sar_hist_50_21_1_1_11_1.txt,0.75,0.75,2.2310609817504883
sar_hist_50_21_1_1_11_11.txt,0.75,0.75,2.1741461753845215
sar_hist_50_21_1_1_11_21.txt,0.75,0.75,2.220353126525879
sar_hist_50_21_1_1_21_1.txt,0.75,0.75,2.2948038578033447
sar_hist_50_21_1_1_21_11.txt,0.75,0.75,2.1806840896606445
sar_hist_50_21_1_1_21_21.txt,0.75,0.75,2.272331953048706
sar_hist_50_21_1_11_1_1.txt,0.75,0.75,2.175912857055664
sar_hist_50_21_1_11_1_11.txt,0.75,0.75,2.177542209625244
sar_hist_50_21_1_11_1_21.txt,0.75,0.75,2.333376169204712
sar_hist_50_21_1_11_11_1.txt,0.75,0.75,2.1518468856811523
sar_hist_50_21_1_11_11_11.txt,0.75,0.75,2.1624579429626465
sar_hist_50_21_1_11_11_21.txt,0.75,0.75,2.4323980808258057
sar_hist_50_21_1_11_21_1.txt,0.75,0.75,2.381614923477173
sar_hist_50_21_1_11_21_11.txt,0.75,0.75,2.508165121078491
sar_hist_50_21_1_11_21_21.txt,0.75,0.75,2.641525983810425
sar_hist_50_21_1_21_1_1.txt,0.75,0.75,2.2342450618743896
sar_hist_50_21_1_21_1_11.txt,0.75,0.75,2.486781358718872
sar_hist_50_21_1_21_1_21.txt,0.75,0.75,2.540186882019043
sar_hist_50_21_1_21_11_1.txt,0.75,0.75,2.2796621322631836
sar_hist_50_21_1_21_11_11.txt,0.75,0.75,2.4269230365753174
sar_hist_50_21_1_21_11_21.txt,0.75,0.75,2.485701084136963
sar_hist_50_21_1_21_21_1.txt,0.75,0.75,2.420137882232666
sar_hist_50_21_1_21_21_11.txt,0.75,0.75,2.3833839893341064
sar_hist_50_21_1_21_21_21.txt,0.75,0.75,2.706533193588257
sar_hist_50_21_11_1_1_1.txt,0.75,0.75,2.1601130962371826
sar_hist_50_21_11_1_1_11.txt,0.75,0.75,2.1835339069366455
sar_hist_50_21_11_1_1_21.txt,0.75,0.75,2.3071510791778564
sar_hist_50_21_11_1_11_1.txt,0.75,0.75,2.317553758621216
sar_hist_50_21_11_1_11_11.txt,0.75,0.75,2.292358875274658
sar_hist_50_21_11_1_11_21.txt,0.75,0.75,2.418807029724121
sar_hist_50_21_11_1_21_1.txt,0.75,0.75,2.2266979217529297
sar_hist_50_21_11_1_21_11.txt,0.75,0.75,2.3774642944335938
sar_hist_50_21_11_1_21_21.txt,0.75,0.75,2.652959108352661
sar_hist_50_21_11_11_1_1.txt,0.75,0.75,2.195626974105835
sar_hist_50_21_11_11_1_11.txt,0.75,0.75,2.405673027038574
sar_hist_50_21_11_11_1_21.txt,0.75,0.75,2.4170632362365723
sar_hist_50_21_11_11_11_1.txt,0.75,0.75,2.2840921878814697
sar_hist_50_21_11_11_11_11.txt,0.75,0.75,2.6033449172973633
sar_hist_50_21_11_11_11_21.txt,0.75,0.75,2.5387790203094482
sar_hist_50_21_11_11_21_1.txt,0.75,0.75,2.4429218769073486
sar_hist_50_21_11_11_21_11.txt,0.75,0.75,2.531890869140625
sar_hist_50_21_11_11_21_21.txt,0.75,0.75,2.672222852706909
sar_hist_50_21_11_21_1_1.txt,0.75,0.75,2.2537007331848145
sar_hist_50_21_11_21_1_11.txt,0.75,0.75,2.254896879196167
sar_hist_50_21_11_21_1_21.txt,0.75,0.75,2.288374662399292
sar_hist_50_21_11_21_11_1.txt,0.75,0.75,2.179063081741333
sar_hist_50_21_11_21_11_11.txt,0.75,0.75,2.2767348289489746
sar_hist_50_21_11_21_11_21.txt,0.75,0.75,2.4199459552764893
sar_hist_50_21_11_21_21_1.txt,0.75,0.75,2.3753631114959717
sar_hist_50_21_11_21_21_11.txt,0.75,0.75,2.494276285171509
sar_hist_50_21_11_21_21_21.txt,0.75,0.75,2.227933883666992
sar_hist_50_21_21_1_1_1.txt,0.75,0.75,2.4021878242492676
sar_hist_50_21_21_1_1_11.txt,0.75,0.75,2.35349178314209
sar_hist_50_21_21_1_1_21.txt,0.75,0.75,2.5141446590423584
sar_hist_50_21_21_1_11_1.txt,0.75,0.75,2.275588035583496
sar_hist_50_21_21_1_11_11.txt,0.75,0.75,2.40238618850708
sar_hist_50_21_21_1_11_21.txt,0.75,0.75,2.6952779293060303
sar_hist_50_21_21_1_21_1.txt,0.75,0.75,2.441019058227539
sar_hist_50_21_21_1_21_11.txt,0.75,0.75,2.5893099308013916
sar_hist_50_21_21_1_21_21.txt,0.75,0.75,2.545795202255249
sar_hist_50_21_21_11_1_1.txt,0.75,0.75,2.419832706451416
sar_hist_50_21_21_11_1_11.txt,0.75,0.75,2.319427251815796
sar_hist_50_21_21_11_1_21.txt,0.75,0.75,2.390285015106201
sar_hist_50_21_21_11_11_1.txt,0.75,0.75,2.5432209968566895
sar_hist_50_21_21_11_11_11.txt,0.75,0.75,2.27421498298645
sar_hist_50_21_21_11_11_21.txt,0.75,0.75,2.5337281227111816
sar_hist_50_21_21_11_21_1.txt,0.75,0.75,2.430558919906616
sar_hist_50_21_21_11_21_11.txt,0.75,0.75,2.2546370029449463
sar_hist_50_21_21_11_21_21.txt,0.75,0.75,2.2307260036468506
sar_hist_50_21_21_21_1_1.txt,0.75,0.75,2.1959290504455566
sar_hist_50_21_21_21_1_11.txt,0.75,0.75,2.2181758880615234
sar_hist_50_21_21_21_1_21.txt,0.75,0.75,2.1869120597839355
sar_hist_50_21_21_21_11_1.txt,0.75,0.75,2.222105026245117
sar_hist_50_21_21_21_11_11.txt,0.75,0.75,2.120948076248169
sar_hist_50_21_21_21_11_21.txt,0.75,0.75,2.237839937210083
sar_hist_50_21_21_21_21_1.txt,0.75,0.75,2.119964122772217
sar_hist_50_21_21_21_21_11.txt,0.75,0.75,2.046619176864624
